<?xml version="1.0" encoding="UTF-8"?>
<project-private xmlns="http://www.netbeans.org/ns/project-private/1">
    <editor-bookmarks xmlns="http://www.netbeans.org/ns/editor-bookmarks/2" lastBookmarkId="0"/>
    <open-files xmlns="http://www.netbeans.org/ns/projectui-open-files/2">
        <group>
            <file>file:/C:/Users/nupurparashar/Documents/NetBeansProjects/MyMapReduce/src/mymapreduce/MyMapReduce.java</file>
            <file>file:/C:/Users/nupurparashar/Documents/NetBeansProjects/MyMapReduce/src/Mapper.java</file>
            <file>file:/C:/Users/nupurparashar/Documents/NetBeansProjects/MyMapReduce/src/mymapreduce/MyMapper.java</file>
            <file>file:/C:/Users/nupurparashar/Documents/NetBeansProjects/MyMapReduce/src/mymapreduce/MyReducer.java</file>
        </group>
    </open-files>
</project-private>
